<?xml version="1.0" encoding="UTF-8"?>
<!DOCTYPE log4j:configuration PUBLIC "-//log4j/log4j Configuration//EN" "log4j.dtd">
<log4j:configuration xmlns:log4j="http://jakarta.apache.org/log4j/" threshold="null" debug="null">

	<appender name="CONSOLE" class="org.apache.log4j.ConsoleAppender">
		<param name="Target" value="System.out" />
		<layout class="org.apache.log4j.PatternLayout">
            <param name="ConversionPattern" value="%-d{yyyy-MM-dd HH:mm:ss} xxl-rpc-sample-jfinal-client [%c]-[%t]-[%M]-[%L]-[%p] %m%n"/>
		</layout>
	</appender>
	
    <appender name="FILE" class="org.apache.log4j.DailyRollingFileAppender">
        <param name="file" value="/data/applogs/xxl-rpc/xxl-rpc-sample-jfinal-client.log"/>
        <param name="append" value="true"/>
        <param name="encoding" value="UTF-8"/>
        <layout class="org.apache.log4j.PatternLayout">
            <param name="ConversionPattern" value="%-d{yyyy-MM-dd HH:mm:ss} xxl-rpc-sample-jfinal-client [%c]-[%t]-[%M]-[%L]-[%p] %m%n"/>
        </layout>
    </appender>

    <root>
        <level value="INFO" />
        <appender-ref ref="CONSOLE" />
        <appender-ref ref="FILE" />
    </root>

</log4j:configuration>